{
  "selected_config": {
    "selected_model": "mlp_32",
    "hidden_layer_sizes": [
      32
    ],
    "alpha": 0.0001,
    "selection_rule": "highest mean_f1, then mean_pr_auc on leakage-safe 5-fold CV",
    "min_threshold_for_tuning": 0.5,
    "best_threshold_from_validation": 0.5037742270780867,
    "excluded_features": [
      "rating"
    ]
  },
  "metrics": [
    {
      "split": "validation_default_0_5",
      "threshold": 0.5,
      "f1": 0.44401168451801365,
      "pr_auc": 0.406996954946675,
      "precision": 0.41081081081081083,
      "recall": 0.4830508474576271,
      "roc_auc": 0.5560584785456277,
      "tn": 527,
      "fp": 327,
      "fn": 244,
      "tp": 228
    },
    {
      "split": "validation_tuned_min_0_5",
      "threshold": 0.5037742270780867,
      "f1": 0.4444444444444444,
      "pr_auc": 0.406996954946675,
      "precision": 0.41155234657039713,
      "recall": 0.4830508474576271,
      "roc_auc": 0.5560584785456277,
      "tn": 528,
      "fp": 326,
      "fn": 244,
      "tp": 228
    },
    {
      "split": "test_default_0_5",
      "threshold": 0.5,
      "f1": 0.4274028629856851,
      "pr_auc": 0.44228409461657114,
      "precision": 0.41386138613861384,
      "recall": 0.4418604651162791,
      "roc_auc": 0.5784320521262954,
      "tn": 558,
      "fp": 296,
      "fn": 264,
      "tp": 209
    },
    {
      "split": "test_tuned_min_0_5",
      "threshold": 0.5037742270780867,
      "f1": 0.4271047227926078,
      "pr_auc": 0.44228409461657114,
      "precision": 0.4151696606786427,
      "recall": 0.4397463002114165,
      "roc_auc": 0.5784320521262954,
      "tn": 561,
      "fp": 293,
      "fn": 265,
      "tp": 208
    }
  ]
}