{
  "selected_config": {
    "selected_model": "mlp_h32_tanh_sgd_lr0.001_alpha0.01_bs64_pca0p9_smote5",
    "hidden_layer_sizes": [
      32
    ],
    "solver": "sgd",
    "learning_rate_init": 0.001,
    "alpha": 0.01,
    "activation": "tanh",
    "batch_size": 64,
    "pca_n_components": 0.9,
    "smote_k_neighbors": 5,
    "n_splits": 5,
    "cv_grid_size": 192,
    "selection_rule": "highest mean_f1, then mean_pr_auc on leakage-safe 5-fold CV",
    "min_threshold_for_tuning": 0.5,
    "best_threshold_from_validation": 0.5008712106499705,
    "excluded_features": [
      "rating"
    ]
  },
  "metrics": [
    {
      "split": "validation_default_0_5",
      "threshold": 0.5,
      "f1": 0.4458370635631155,
      "pr_auc": 0.38502129323507306,
      "precision": 0.386046511627907,
      "recall": 0.527542372881356,
      "roc_auc": 0.547511957686659,
      "tn": 458,
      "fp": 396,
      "fn": 223,
      "tp": 249
    },
    {
      "split": "validation_tuned_min_0_5",
      "threshold": 0.5008712106499705,
      "f1": 0.44623655913978494,
      "pr_auc": 0.38502129323507306,
      "precision": 0.38664596273291924,
      "recall": 0.527542372881356,
      "roc_auc": 0.547511957686659,
      "tn": 459,
      "fp": 395,
      "fn": 223,
      "tp": 249
    },
    {
      "split": "test_default_0_5",
      "threshold": 0.5,
      "f1": 0.4406779661016949,
      "pr_auc": 0.4028992546087361,
      "precision": 0.39728353140916806,
      "recall": 0.49471458773784355,
      "roc_auc": 0.5547380564536493,
      "tn": 499,
      "fp": 355,
      "fn": 239,
      "tp": 234
    },
    {
      "split": "test_tuned_min_0_5",
      "threshold": 0.5008712106499705,
      "f1": 0.44045368620037806,
      "pr_auc": 0.4028992546087361,
      "precision": 0.39829059829059826,
      "recall": 0.492600422832981,
      "roc_auc": 0.5547380564536493,
      "tn": 502,
      "fp": 352,
      "fn": 240,
      "tp": 233
    }
  ]
}